Name;Surname;Phone;Email
Lukasz;   ewski
Lukasz;Gajewski;511-732-412;lukasz.gajewski94@gmail.com
Lukasz;Gajewski;123-456-789
Adam;Grabowski;828-248-470;eu@ametconsectetueradipiscing.edu
Adam;Grabowski;116-733-477;pulvinar@nisiMaurisnulla.net
Aleksandra;Grabowski;480-286-020;amet.nulla.Donec@arcuNunc.ca
Anna;Grabowski;610-797-253;neque.Nullam@urna.com
Anna;Grabowski;728-667-435;ante.iaculis.nec@Integereu.org
Bartosz;Grabowski
Dominika;Grabowski;961-325-641;luctus@metus.ca
Dominika;Grabowski;986-008-509
Filip;Grabowski;140-915-186;auctor.odio@orciluctuset.com
Filip;Grabowski;;a@Aliquamfringilla.net
Filip;Grabowski
Jakub;Grabowski;504-384-691
Julia;Grabowski;944-422-907
Magda;Grabowski;438-522-777;cursus.vestibulum.Mauris@at.edu
Magda;Grabowski;988-675-385
Mateusz;Grabowski;524-759-150;posuere@nisiMauris.net
Mateusz;Grabowski;977-700-770;molestie.sodales@lectusCumsociis.com
Monika;Grabowski;698-954-400;blandit.Nam@dolorFuscemi.ca
Monika;Grabowski;135-575-789
Natalia;Grabowski
Patrycja;Grabowski;471-866-217;neque@sitamet.edu
Szymon;Grabowski;759-237-075
Wojciech;Grabowski
Adam;Jankowski
Agnieszka;Jankowski;436-179-247;nunc.risus@euismod.co.uk
Agnieszka;Jankowski;978-574-224
Bartosz;Jankowski;795-095-913;nascetur.ridiculus@diam.com
Bartosz;Jankowski;719-843-824
Filip;Jankowski;933-303-238;justo@id.org
Jakub;Jankowski;;Morbi@apurus.net
Jakub;Jankowski
Julia;Jankowski;423-820-397
Kacper;Jankowski;;porttitor.interdum@sempereratin.org
Magda;Jankowski;529-678-133
Mateusz;Jankowski;223-045-094;diam.at@Integermollis.co.uk
Mateusz;Jankowski;;sociis.natoque@vulputate.edu
Monika;Jankowski;262-403-151;Fusce.feugiat@auguescelerisquemollis.net
Monika;Jankowski
Natalia;Jankowski;;lacus.Etiam.bibendum@dapibusgravidaAliquam.com
Patrycja;Jankowski;973-475-933;odio.Aliquam@loremsemperauctor.co.uk
Szymon;Jankowski;734-367-654;Quisque@hendreritid.ca
Szymon;Jankowski;;Nunc@malesuadafames.org
Szymon;Jankowski
Wojciech;Jankowski
Zuzanna;Jankowski;;et.magnis@Duiscursusdiam.org
Adam;Kaczmarek;316-584-972;sem@auguescelerisquemollis.org
Agnieszka;Kaczmarek;696-252-405;eget.varius.ultrices@metus.edu
Agnieszka;Kaczmarek;229-046-752
Aleksandra;Kaczmarek
Anna;Kaczmarek;;vel.quam@nuncidenim.edu
Bartosz;Kaczmarek;545-894-560;sit@utcursusluctus.edu
Filip;Kaczmarek;749-457-056;tempus.eu.ligula@dignissim.net
Jakub;Kaczmarek;;nec.tempus.scelerisque@diamSed.org
Julia;Kaczmarek;513-062-390;nonummy@necleoMorbi.com
Magda;Kaczmarek;654-127-941;id.mollis.nec@sodales.net
Magda;Kaczmarek;;ornare.lectus@atvelitCras.edu
Monika;Kaczmarek
Natalia;Kaczmarek;287-511-318;eros.Nam@tempusrisus.co.uk
Patrycja;Kaczmarek;484-214-948;consectetuer.ipsum@mattis.com
Patrycja;Kaczmarek;175-868-476
Szymon;Kaczmarek;742-583-797
Wojciech;Kaczmarek;;blandit@molestie.edu
Zuzanna;Kaczmarek;688-208-108;eleifend@odioAliquamvulputate.org
Adam;Kowalczyk;124-021-513
Agnieszka;Kowalczyk;769-918-838;egestas.lacinia@dui.com
Agnieszka;Kowalczyk
Aleksandra;Kowalczyk;120-758-294;mi.eleifend.egestas@neque.net
Bartosz;Kowalczyk;;lobortis.quam@amagnaLorem.com
Jakub;Kowalczyk;988-200-650;Mauris.nulla@sitamet.org
Jakub;Kowalczyk;;In.ornare.sagittis@lacinia.co.uk
Jakub;Kowalczyk
Julia;Kowalczyk;302-873-504
Kacper;Kowalczyk;;sodales.Mauris.blandit@Duisatlacus.co.uk
Magda;Kowalczyk;;arcu.Aliquam.ultrices@bibendumDonecfelis.edu
Mateusz;Kowalczyk;;nonummy@sapienAeneanmassa.org
Natalia;Kowalczyk;748-022-088
Patrycja;Kowalczyk;;mollis.Integer@interdumenimnon.co.uk
Patrycja;Kowalczyk
Zuzanna;Kowalczyk;384-611-160;est@diam.ca
Adam;Kowalski;144-093-746;sed.facilisis.vitae@Phasellusliberomauris.com
Aleksandra;Kowalski;;dis.parturient@sed.org
Aleksandra;Kowalski
Bartosz;Kowalski;462-353-466;et.pede.Nunc@volutpatNulladignissim.co.uk
Bartosz;Kowalski;;sapien@dolorelitpellentesque.edu
Dominika;Kowalski;807-406-925;convallis.erat@cubilia.edu
Dominika;Kowalski;892-904-703;Nulla.facilisis@aodiosemper.org
Jakub;Kowalski;332-434-185
Julia;Kowalski;862-666-173;risus.Donec@aduiCras.org
Julia;Kowalski;739-904-182;ornare@dis.edu
Julia;Kowalski
Kacper;Kowalski;915-390-923;tempor.arcu.Vestibulum@Sed.net
Mateusz;Kowalski;637-151-137;tincidunt.pede@litoratorquent.co.uk
Mateusz;Kowalski
Monika;Kowalski;650-898-640;tristique.senectus@adipiscing.org
Monika;Kowalski;316-643-587
Szymon;Kowalski;;sem.ut@blanditat.com
Wojciech;Kowalski;355-275-606;sed@sapien.edu
Wojciech;Kowalski;;ut.nisi@iaculis.co.uk
Zuzanna;Kowalski;354-593-080;id.nunc.interdum@Nunclaoreetlectus.net
Zuzanna;Kowalski;991-032-259;massa.non@nequesedsem.net
Zuzanna;Kowalski
Adam;Krawczyk;;sem@sedfacilisis.co.uk
Adam;Krawczyk
Agnieszka;Krawczyk;;fermentum.fermentum@aliquetProinvelit.com
Agnieszka;Krawczyk
Aleksandra;Krawczyk;777-057-792;scelerisque@auctorquistristique.ca
Aleksandra;Krawczyk;473-375-197
Bartosz;Krawczyk;379-836-293;pellentesque@urna.net
Bartosz;Krawczyk;;Nunc.lectus@duisemper.org
Dominika;Krawczyk
Filip;Krawczyk;632-276-541
Julia;Krawczyk
Kacper;Krawczyk;;dui.semper.et@netuset.org
Magda;Krawczyk;;Cum@consectetuer.com
Mateusz;Krawczyk;172-357-710
Natalia;Krawczyk
Patrycja;Krawczyk;731-651-694;Sed@diamSeddiam.ca
Patrycja;Krawczyk;447-431-321
Szymon;Krawczyk
Wojciech;Krawczyk;;a@eleifendnon.org
Zuzanna;Krawczyk;689-134-444;nisl@egetipsumSuspendisse.org
Zuzanna;Krawczyk;220-094-946
Adam;Kwiatkowski;;mollis@ipsum.com
Agnieszka;Kwiatkowski;676-823-836;rhoncus.Proin.nisl@orciDonecnibh.org
Agnieszka;Kwiatkowski;452-404-067
Aleksandra;Kwiatkowski
Anna;Kwiatkowski;143-870-181;libero.et.tristique@ligula.co.uk
Bartosz;Kwiatkowski;318-665-826;vehicula.et@sociisnatoquepenatibus.co.uk
Bartosz;Kwiatkowski;;massa.Quisque.porttitor@nisi.com
Filip;Kwiatkowski;308-549-216
Jakub;Kwiatkowski;519-591-194;netus.et@rutrumurna.org
Julia;Kwiatkowski
Kacper;Kwiatkowski;;tellus.imperdiet@eget.co.uk
Magda;Kwiatkowski
Mateusz;Kwiatkowski;477-103-624;a.feugiat@nullaCras.org
Mateusz;Kwiatkowski;123-649-299
Monika;Kwiatkowski;776-361-579;sed.dolor@interdumNuncsollicitudin.edu
Monika;Kwiatkowski;552-534-543;dui@estvitaesodales.net
Natalia;Kwiatkowski;699-704-134;Donec.felis.orci@erat.co.uk
Natalia;Kwiatkowski;593-890-216;ullamcorper.eu.euismod@sagittissemper.co.uk
Natalia;Kwiatkowski
Patrycja;Kwiatkowski;262-036-521
Wojciech;Kwiatkowski;;gravida.mauris@euismodenim.org
Wojciech;Kwiatkowski
Zuzanna;Kwiatkowski;;orci.tincidunt@nonmagna.edu
Zuzanna;Kwiatkowski
Adam;Lewandowski;338-559-981;fringilla.porttitor.vulputate@auctor.net
Aleksandra;Lewandowski;967-442-922
Bartosz;Lewandowski;166-717-761;ut.erat.Sed@vestibulumMauris.ca
Dominika;Lewandowski;936-760-182;non.quam.Pellentesque@loremfringillaornare.co.uk
Dominika;Lewandowski;328-750-043
Jakub;Lewandowski;;scelerisque@NullainterdumCurabitur.edu
Julia;Lewandowski;955-781-089
Kacper;Lewandowski;880-356-938;magna.nec.quam@eu.org
Kacper;Lewandowski;941-681-148;nec.luctus.felis@semmollisdui.co.uk
Magda;Lewandowski;846-355-974;quis.arcu@libero.co.uk
Magda;Lewandowski;;purus.accumsan@Nunc.ca
Monika;Lewandowski
Natalia;Lewandowski;965-429-451
Patrycja;Lewandowski;940-571-472;non.lorem@purus.edu
Patrycja;Lewandowski
Szymon;Lewandowski;529-342-068;ipsum.leo.elementum@necurna.ca
Wojciech;Lewandowski;983-310-099;vel.nisl.Quisque@estcongue.edu
Zuzanna;Lewandowski;246-065-012
Adam;Mazur
Agnieszka;Mazur;847-315-756
Anna;Mazur;;et.magna.Praesent@Quisqueac.net
Bartosz;Mazur;;nunc@velitduisemper.ca
Dominika;Mazur;381-191-303;ac.nulla@neceuismodin.org
Dominika;Mazur;906-810-992;purus@Aliquamerat.edu
Filip;Mazur
Jakub;Mazur;734-934-294;aliquet.vel@consectetueradipiscing.edu
Julia;Mazur;796-540-836;lorem.ut@metusInnec.co.uk
Magda;Mazur
Monika;Mazur;935-551-833
Natalia;Mazur
Patrycja;Mazur;693-351-984
Szymon;Mazur
Wojciech;Mazur;539-210-125;nec@turpisnec.co.uk
Zuzanna;Mazur;711-490-103
Adam;Michalski;864-859-038;amet@quamPellentesquehabitant.net
Agnieszka;Michalski;420-053-696;risus.at@quis.co.uk
Agnieszka;Michalski;604-062-417
Aleksandra;Michalski;542-389-808
Anna;Michalski;;Cras.dictum.ultricies@scelerisquenequesed.net
Bartosz;Michalski;680-499-742;volutpat.Nulla.dignissim@tortor.net
Dominika;Michalski;;quis.diam.luctus@dolor.org
Filip;Michalski;;augue.id@temporarcuVestibulum.ca
Jakub;Michalski;381-896-008;Lorem.ipsum.dolor@erosnon.co.uk
Jakub;Michalski;434-794-699
Julia;Michalski;285-482-135;semper.et.lacinia@dolorNulla.com
Kacper;Michalski;572-578-465;metus.eu.erat@lacus.org
Magda;Michalski
Mateusz;Michalski
Monika;Michalski;680-124-321;quis.diam.Pellentesque@egestasa.net
Monika;Michalski
Natalia;Michalski;;lorem.vehicula@Quisqueporttitor.org
Patrycja;Michalski
Szymon;Michalski;939-678-532;iaculis.odio@velitCras.co.uk
Wojciech;Michalski
Zuzanna;Michalski
Adam;Nowak;;ipsum.dolor.sit@SuspendissesagittisNullam.com
Adam;Nowak
Agnieszka;Nowak;;nibh.Quisque.nonummy@leo.ca
Anna;Nowak;508-746-971
Dominika;Nowak;736-415-204;Cras.interdum.Nunc@arcu.org
Dominika;Nowak;171-852-469
Filip;Nowak;864-657-744;pulvinar@Suspendissecommodo.com
Filip;Nowak
Julia;Nowak;;ac@Donecnon.edu
Julia;Nowak
Magda;Nowak
Monika;Nowak
Patrycja;Nowak;458-752-207
Szymon;Nowak;432-484-955;turpis.vitae.purus@Aeneangravida.com
Wojciech;Nowak;149-349-455;ligula.Aenean@mi.edu
Wojciech;Nowak;;est.tempor.bibendum@aliquetmagna.com
Wojciech;Nowak
Zuzanna;Nowak;566-457-296
Adam;Nowakowski;853-367-361
Agnieszka;Nowakowski;146-733-233;a@eutempor.ca
Agnieszka;Nowakowski;;mattis@mollisduiin.net
Aleksandra;Nowakowski;273-380-129
Anna;Nowakowski;662-256-377;ultricies.adipiscing@lobortis.ca
Anna;Nowakowski;350-169-529
Bartosz;Nowakowski;;nulla.Integer@tinciduntduiaugue.edu
Filip;Nowakowski;201-620-757;Morbi.neque@nonluctussit.com
Jakub;Nowakowski
Julia;Nowakowski;392-253-810
Magda;Nowakowski;661-208-351;sit.amet.orci@consequat.com
Magda;Nowakowski
Mateusz;Nowakowski
Monika;Nowakowski;627-452-302;tempus.non@vestibulumlorem.edu
Natalia;Nowakowski;656-166-041;Duis@inaliquet.ca
Natalia;Nowakowski;;facilisis@necdiam.edu
Patrycja;Nowakowski;734-288-359
Szymon;Nowakowski;768-046-849;non.hendrerit.id@felisullamcorper.co.uk
Szymon;Nowakowski;804-154-763;Cras@lectusconvallis.ca
Wojciech;Nowakowski;888-204-231;quam.vel.sapien@sodalesMauris.co.uk
Wojciech;Nowakowski;;aliquam.eu.accumsan@Vivamus.co.uk
Zuzanna;Nowakowski;165-187-104;eget.varius.ultrices@Inlorem.co.uk
Aleksandra;Nowicki;613-888-238;dictum.Proin.eget@nuncsit.org
Aleksandra;Nowicki;951-428-253
Dominika;Nowicki;109-104-726;odio@liberonec.com
Filip;Nowicki;892-995-673;amet@atliberoMorbi.ca
Jakub;Nowicki
Julia;Nowicki;596-317-433;sem.egestas@eu.org
Kacper;Nowicki;728-499-028;commodo.auctor.velit@ametconsectetueradipiscing.ca
Kacper;Nowicki;;lobortis@Praesenteudui.com
Mateusz;Nowicki
Natalia;Nowicki
Patrycja;Nowicki;792-611-680
Szymon;Nowicki;923-889-496;vel@penatibusetmagnis.co.uk
Szymon;Nowicki;741-030-680
Wojciech;Nowicki;;a.facilisis.non@disparturient.org
Wojciech;Nowicki
Zuzanna;Nowicki;302-350-043;amet.nulla.Donec@sedsemegestas.edu
Adam;Piotrowski;348-830-718;quis.accumsan.convallis@ipsumporta.ca
Aleksandra;Piotrowski;652-906-769;magna@blanditviverra.edu
Aleksandra;Piotrowski;958-053-108
Bartosz;Piotrowski;399-248-522
Filip;Piotrowski;587-965-163;nonummy.ipsum.non@gravidasagittisDuis.org
Filip;Piotrowski
Jakub;Piotrowski;726-099-021
Kacper;Piotrowski;857-211-051;non.dui.nec@feugiatSednec.co.uk
Kacper;Piotrowski
Magda;Piotrowski;148-726-617;Nunc@sagittisplacerat.net
Magda;Piotrowski
Mateusz;Piotrowski;873-734-608;quis@arcu.net
Mateusz;Piotrowski;268-285-887
Monika;Piotrowski;;sagittis.lobortis.mauris@cursuset.edu
Natalia;Piotrowski;485-724-649;in.cursus@Proinnisl.org
Patrycja;Piotrowski;;ornare.elit.elit@viverraMaecenas.org
Szymon;Piotrowski;;per.conubia.nostra@amifringilla.org
Adam;Wojciechowski
Agnieszka;Wojciechowski;;vulputate@facilisisfacilisismagna.net
Anna;Wojciechowski;421-234-375;sit@metus.org
Anna;Wojciechowski;793-709-419;pharetra.Quisque@pedeultrices.org
Anna;Wojciechowski
Bartosz;Wojciechowski;953-205-486;bibendum@Vivamusmolestie.edu
Dominika;Wojciechowski;215-083-819;velit@nondapibusrutrum.ca
Filip;Wojciechowski;843-342-135;Suspendisse@pretiumnequeMorbi.ca
Filip;Wojciechowski;;et.netus.et@bibendumDonecfelis.ca
Filip;Wojciechowski
Jakub;Wojciechowski;695-677-395
Julia;Wojciechowski;935-552-864
Kacper;Wojciechowski;490-255-040;Phasellus@libero.edu
Magda;Wojciechowski;931-781-855;velit.Pellentesque.ultricies@etipsum.com
Mateusz;Wojciechowski
Natalia;Wojciechowski;106-871-048;et.commodo.at@quamquis.org
Natalia;Wojciechowski;;Cras@Aenean.com
Patrycja;Wojciechowski
Szymon;Wojciechowski;365-694-309
Wojciech;Wojciechowski;118-385-135;ante.blandit@commodotincidunt.com
Zuzanna;Wojciechowski
